,Season,Team ID,TKey,Games Played
0,2012,768c92aa-75ff-4a43-bcc0-f2798c2e1724,768c92aa-75ff-4a43-bcc0-f2798c2e17242012,16
1,2012,4809ecb0-abd3-451d-9c4a-92a90b83ca06,4809ecb0-abd3-451d-9c4a-92a90b83ca062012,16
2,2012,5fee86ae-74ab-4bdd-8416-42a9dd9964f3,5fee86ae-74ab-4bdd-8416-42a9dd9964f32012,16
3,2012,97354895-8c77-4fd4-a860-32e62ea7382a,97354895-8c77-4fd4-a860-32e62ea7382a2012,16
4,2012,ad4ae08f-d808-42d5-a1e6-e9bc4e34d123,ad4ae08f-d808-42d5-a1e6-e9bc4e34d1232012,16
5,2012,d5a2eb42-8065-4174-ab79-0a6fa820e35e,d5a2eb42-8065-4174-ab79-0a6fa820e35e2012,16
6,2012,ebd87119-b331-4469-9ea6-d51fe3ce2f1c,ebd87119-b331-4469-9ea6-d51fe3ce2f1c2012,16
7,2012,cb2f9f1f-ac67-424e-9e72-1475cb0ed398,cb2f9f1f-ac67-424e-9e72-1475cb0ed3982012,16
8,2012,82cf9565-6eb9-4f01-bdbd-5aa0d472fcd9,82cf9565-6eb9-4f01-bdbd-5aa0d472fcd92012,16
9,2012,f7ddd7fa-0bae-4f90-bc8e-669e4d6cf2de,f7ddd7fa-0bae-4f90-bc8e-669e4d6cf2de2012,16
10,2012,82d2d380-3834-4938-835f-aec541e5ece7,82d2d380-3834-4938-835f-aec541e5ece72012,16
11,2012,d26a1ca5-722d-4274-8f97-c92e49c96315,d26a1ca5-722d-4274-8f97-c92e49c963152012,16
12,2012,ce92bd47-93d5-4fe9-ada4-0fc681e6caa0,ce92bd47-93d5-4fe9-ada4-0fc681e6caa02012,16
13,2012,1f6dcffb-9823-43cd-9ff4-e7a8466749b5,1f6dcffb-9823-43cd-9ff4-e7a8466749b52012,16
14,2012,6680d28d-d4d2-49f6-aace-5292d3ec02c2,6680d28d-d4d2-49f6-aace-5292d3ec02c22012,16
15,2012,1c1cec48-6352-4556-b789-35304c1a6ae1,1c1cec48-6352-4556-b789-35304c1a6ae12012,16
16,2012,e627eec7-bbae-4fa4-8e73-8e1d6bc5c060,e627eec7-bbae-4fa4-8e73-8e1d6bc5c0602012,16
17,2012,386bdbf9-9eea-4869-bb9a-274b0bc66e80,386bdbf9-9eea-4869-bb9a-274b0bc66e802012,16
18,2012,04aa1c9d-66da-489d-b16a-1dee3f2eec4d,04aa1c9d-66da-489d-b16a-1dee3f2eec4d2012,16
19,2012,22052ff7-c065-42ee-bc8f-c4691c50e624,22052ff7-c065-42ee-bc8f-c4691c50e6242012,16
20,2012,7b112545-38e6-483c-a55c-96cf6ee49cb8,7b112545-38e6-483c-a55c-96cf6ee49cb82012,16
21,2012,c5a59daa-53a7-4de0-851f-fb12be893e9e,c5a59daa-53a7-4de0-851f-fb12be893e9e2012,16
22,2012,a20471b4-a8d9-40c7-95ad-90cc30e46932,a20471b4-a8d9-40c7-95ad-90cc30e469322012,16
23,2012,33405046-04ee-4058-a950-d606f8c30852,33405046-04ee-4058-a950-d606f8c308522012,16
24,2012,4254d319-1bc7-4f81-b4ab-b5e6f3402b69,4254d319-1bc7-4f81-b4ab-b5e6f3402b692012,16
25,2012,e6aa13a4-0055-48a9-bc41-be28dc106929,e6aa13a4-0055-48a9-bc41-be28dc1069292012,16
26,2012,f14bf5cc-9a82-4a38-bc15-d39f75ed5314,f14bf5cc-9a82-4a38-bc15-d39f75ed53142012,16
27,2012,0d855753-ea21-4953-89f9-0e20aff9eb73,0d855753-ea21-4953-89f9-0e20aff9eb732012,16
28,2012,f0e724b0-4cbf-495a-be47-013907608da9,f0e724b0-4cbf-495a-be47-013907608da92012,16
29,2012,de760528-1dc0-416a-a978-b510d20692ff,de760528-1dc0-416a-a978-b510d20692ff2012,16
30,2012,2eff2a03-54d4-46ba-890e-2bc3925548f3,2eff2a03-54d4-46ba-890e-2bc3925548f32012,16
31,2012,3d08af9e-c767-4f88-a7dc-b920c6d2b4a8,3d08af9e-c767-4f88-a7dc-b920c6d2b4a82012,16
32,2013,768c92aa-75ff-4a43-bcc0-f2798c2e1724,768c92aa-75ff-4a43-bcc0-f2798c2e17242013,16
33,2013,4809ecb0-abd3-451d-9c4a-92a90b83ca06,4809ecb0-abd3-451d-9c4a-92a90b83ca062013,16
34,2013,5fee86ae-74ab-4bdd-8416-42a9dd9964f3,5fee86ae-74ab-4bdd-8416-42a9dd9964f32013,16
35,2013,97354895-8c77-4fd4-a860-32e62ea7382a,97354895-8c77-4fd4-a860-32e62ea7382a2013,16
36,2013,ad4ae08f-d808-42d5-a1e6-e9bc4e34d123,ad4ae08f-d808-42d5-a1e6-e9bc4e34d1232013,16
37,2013,d5a2eb42-8065-4174-ab79-0a6fa820e35e,d5a2eb42-8065-4174-ab79-0a6fa820e35e2013,16
38,2013,ebd87119-b331-4469-9ea6-d51fe3ce2f1c,ebd87119-b331-4469-9ea6-d51fe3ce2f1c2013,16
39,2013,cb2f9f1f-ac67-424e-9e72-1475cb0ed398,cb2f9f1f-ac67-424e-9e72-1475cb0ed3982013,16
40,2013,82cf9565-6eb9-4f01-bdbd-5aa0d472fcd9,82cf9565-6eb9-4f01-bdbd-5aa0d472fcd92013,16
41,2013,f7ddd7fa-0bae-4f90-bc8e-669e4d6cf2de,f7ddd7fa-0bae-4f90-bc8e-669e4d6cf2de2013,16
42,2013,82d2d380-3834-4938-835f-aec541e5ece7,82d2d380-3834-4938-835f-aec541e5ece72013,16
43,2013,d26a1ca5-722d-4274-8f97-c92e49c96315,d26a1ca5-722d-4274-8f97-c92e49c963152013,16
44,2013,ce92bd47-93d5-4fe9-ada4-0fc681e6caa0,ce92bd47-93d5-4fe9-ada4-0fc681e6caa02013,16
45,2013,1f6dcffb-9823-43cd-9ff4-e7a8466749b5,1f6dcffb-9823-43cd-9ff4-e7a8466749b52013,16
46,2013,6680d28d-d4d2-49f6-aace-5292d3ec02c2,6680d28d-d4d2-49f6-aace-5292d3ec02c22013,16
47,2013,1c1cec48-6352-4556-b789-35304c1a6ae1,1c1cec48-6352-4556-b789-35304c1a6ae12013,16
48,2013,e627eec7-bbae-4fa4-8e73-8e1d6bc5c060,e627eec7-bbae-4fa4-8e73-8e1d6bc5c0602013,16
49,2013,386bdbf9-9eea-4869-bb9a-274b0bc66e80,386bdbf9-9eea-4869-bb9a-274b0bc66e802013,16
50,2013,04aa1c9d-66da-489d-b16a-1dee3f2eec4d,04aa1c9d-66da-489d-b16a-1dee3f2eec4d2013,16
51,2013,22052ff7-c065-42ee-bc8f-c4691c50e624,22052ff7-c065-42ee-bc8f-c4691c50e6242013,16
52,2013,7b112545-38e6-483c-a55c-96cf6ee49cb8,7b112545-38e6-483c-a55c-96cf6ee49cb82013,16
53,2013,c5a59daa-53a7-4de0-851f-fb12be893e9e,c5a59daa-53a7-4de0-851f-fb12be893e9e2013,16
54,2013,a20471b4-a8d9-40c7-95ad-90cc30e46932,a20471b4-a8d9-40c7-95ad-90cc30e469322013,16
55,2013,33405046-04ee-4058-a950-d606f8c30852,33405046-04ee-4058-a950-d606f8c308522013,16
56,2013,4254d319-1bc7-4f81-b4ab-b5e6f3402b69,4254d319-1bc7-4f81-b4ab-b5e6f3402b692013,16
57,2013,e6aa13a4-0055-48a9-bc41-be28dc106929,e6aa13a4-0055-48a9-bc41-be28dc1069292013,16
58,2013,f14bf5cc-9a82-4a38-bc15-d39f75ed5314,f14bf5cc-9a82-4a38-bc15-d39f75ed53142013,16
59,2013,0d855753-ea21-4953-89f9-0e20aff9eb73,0d855753-ea21-4953-89f9-0e20aff9eb732013,16
60,2013,f0e724b0-4cbf-495a-be47-013907608da9,f0e724b0-4cbf-495a-be47-013907608da92013,16
61,2013,de760528-1dc0-416a-a978-b510d20692ff,de760528-1dc0-416a-a978-b510d20692ff2013,16
62,2013,2eff2a03-54d4-46ba-890e-2bc3925548f3,2eff2a03-54d4-46ba-890e-2bc3925548f32013,16
63,2013,3d08af9e-c767-4f88-a7dc-b920c6d2b4a8,3d08af9e-c767-4f88-a7dc-b920c6d2b4a82013,16
64,2014,768c92aa-75ff-4a43-bcc0-f2798c2e1724,768c92aa-75ff-4a43-bcc0-f2798c2e17242014,16
65,2014,4809ecb0-abd3-451d-9c4a-92a90b83ca06,4809ecb0-abd3-451d-9c4a-92a90b83ca062014,16
66,2014,5fee86ae-74ab-4bdd-8416-42a9dd9964f3,5fee86ae-74ab-4bdd-8416-42a9dd9964f32014,16
67,2014,97354895-8c77-4fd4-a860-32e62ea7382a,97354895-8c77-4fd4-a860-32e62ea7382a2014,16
68,2014,ad4ae08f-d808-42d5-a1e6-e9bc4e34d123,ad4ae08f-d808-42d5-a1e6-e9bc4e34d1232014,16
69,2014,d5a2eb42-8065-4174-ab79-0a6fa820e35e,d5a2eb42-8065-4174-ab79-0a6fa820e35e2014,16
70,2014,ebd87119-b331-4469-9ea6-d51fe3ce2f1c,ebd87119-b331-4469-9ea6-d51fe3ce2f1c2014,16
71,2014,cb2f9f1f-ac67-424e-9e72-1475cb0ed398,cb2f9f1f-ac67-424e-9e72-1475cb0ed3982014,16
72,2014,82cf9565-6eb9-4f01-bdbd-5aa0d472fcd9,82cf9565-6eb9-4f01-bdbd-5aa0d472fcd92014,16
73,2014,f7ddd7fa-0bae-4f90-bc8e-669e4d6cf2de,f7ddd7fa-0bae-4f90-bc8e-669e4d6cf2de2014,16
74,2014,82d2d380-3834-4938-835f-aec541e5ece7,82d2d380-3834-4938-835f-aec541e5ece72014,16
75,2014,d26a1ca5-722d-4274-8f97-c92e49c96315,d26a1ca5-722d-4274-8f97-c92e49c963152014,16
76,2014,ce92bd47-93d5-4fe9-ada4-0fc681e6caa0,ce92bd47-93d5-4fe9-ada4-0fc681e6caa02014,16
77,2014,1f6dcffb-9823-43cd-9ff4-e7a8466749b5,1f6dcffb-9823-43cd-9ff4-e7a8466749b52014,16
78,2014,6680d28d-d4d2-49f6-aace-5292d3ec02c2,6680d28d-d4d2-49f6-aace-5292d3ec02c22014,16
79,2014,1c1cec48-6352-4556-b789-35304c1a6ae1,1c1cec48-6352-4556-b789-35304c1a6ae12014,16
80,2014,e627eec7-bbae-4fa4-8e73-8e1d6bc5c060,e627eec7-bbae-4fa4-8e73-8e1d6bc5c0602014,16
81,2014,386bdbf9-9eea-4869-bb9a-274b0bc66e80,386bdbf9-9eea-4869-bb9a-274b0bc66e802014,16
82,2014,04aa1c9d-66da-489d-b16a-1dee3f2eec4d,04aa1c9d-66da-489d-b16a-1dee3f2eec4d2014,16
83,2014,22052ff7-c065-42ee-bc8f-c4691c50e624,22052ff7-c065-42ee-bc8f-c4691c50e6242014,16
84,2014,7b112545-38e6-483c-a55c-96cf6ee49cb8,7b112545-38e6-483c-a55c-96cf6ee49cb82014,16
85,2014,c5a59daa-53a7-4de0-851f-fb12be893e9e,c5a59daa-53a7-4de0-851f-fb12be893e9e2014,16
86,2014,a20471b4-a8d9-40c7-95ad-90cc30e46932,a20471b4-a8d9-40c7-95ad-90cc30e469322014,16
87,2014,33405046-04ee-4058-a950-d606f8c30852,33405046-04ee-4058-a950-d606f8c308522014,16
88,2014,4254d319-1bc7-4f81-b4ab-b5e6f3402b69,4254d319-1bc7-4f81-b4ab-b5e6f3402b692014,16
89,2014,e6aa13a4-0055-48a9-bc41-be28dc106929,e6aa13a4-0055-48a9-bc41-be28dc1069292014,16
90,2014,f14bf5cc-9a82-4a38-bc15-d39f75ed5314,f14bf5cc-9a82-4a38-bc15-d39f75ed53142014,16
91,2014,0d855753-ea21-4953-89f9-0e20aff9eb73,0d855753-ea21-4953-89f9-0e20aff9eb732014,16
92,2014,f0e724b0-4cbf-495a-be47-013907608da9,f0e724b0-4cbf-495a-be47-013907608da92014,16
93,2014,de760528-1dc0-416a-a978-b510d20692ff,de760528-1dc0-416a-a978-b510d20692ff2014,16
94,2014,2eff2a03-54d4-46ba-890e-2bc3925548f3,2eff2a03-54d4-46ba-890e-2bc3925548f32014,16
95,2014,3d08af9e-c767-4f88-a7dc-b920c6d2b4a8,3d08af9e-c767-4f88-a7dc-b920c6d2b4a82014,16
96,2015,768c92aa-75ff-4a43-bcc0-f2798c2e1724,768c92aa-75ff-4a43-bcc0-f2798c2e17242015,16
97,2015,4809ecb0-abd3-451d-9c4a-92a90b83ca06,4809ecb0-abd3-451d-9c4a-92a90b83ca062015,16
98,2015,5fee86ae-74ab-4bdd-8416-42a9dd9964f3,5fee86ae-74ab-4bdd-8416-42a9dd9964f32015,16
99,2015,97354895-8c77-4fd4-a860-32e62ea7382a,97354895-8c77-4fd4-a860-32e62ea7382a2015,16
100,2015,ad4ae08f-d808-42d5-a1e6-e9bc4e34d123,ad4ae08f-d808-42d5-a1e6-e9bc4e34d1232015,16
101,2015,d5a2eb42-8065-4174-ab79-0a6fa820e35e,d5a2eb42-8065-4174-ab79-0a6fa820e35e2015,16
102,2015,ebd87119-b331-4469-9ea6-d51fe3ce2f1c,ebd87119-b331-4469-9ea6-d51fe3ce2f1c2015,16
103,2015,cb2f9f1f-ac67-424e-9e72-1475cb0ed398,cb2f9f1f-ac67-424e-9e72-1475cb0ed3982015,16
104,2015,82cf9565-6eb9-4f01-bdbd-5aa0d472fcd9,82cf9565-6eb9-4f01-bdbd-5aa0d472fcd92015,16
105,2015,f7ddd7fa-0bae-4f90-bc8e-669e4d6cf2de,f7ddd7fa-0bae-4f90-bc8e-669e4d6cf2de2015,16
106,2015,82d2d380-3834-4938-835f-aec541e5ece7,82d2d380-3834-4938-835f-aec541e5ece72015,16
107,2015,d26a1ca5-722d-4274-8f97-c92e49c96315,d26a1ca5-722d-4274-8f97-c92e49c963152015,16
108,2015,ce92bd47-93d5-4fe9-ada4-0fc681e6caa0,ce92bd47-93d5-4fe9-ada4-0fc681e6caa02015,16
109,2015,1f6dcffb-9823-43cd-9ff4-e7a8466749b5,1f6dcffb-9823-43cd-9ff4-e7a8466749b52015,16
110,2015,6680d28d-d4d2-49f6-aace-5292d3ec02c2,6680d28d-d4d2-49f6-aace-5292d3ec02c22015,16
111,2015,1c1cec48-6352-4556-b789-35304c1a6ae1,1c1cec48-6352-4556-b789-35304c1a6ae12015,16
112,2015,e627eec7-bbae-4fa4-8e73-8e1d6bc5c060,e627eec7-bbae-4fa4-8e73-8e1d6bc5c0602015,16
113,2015,386bdbf9-9eea-4869-bb9a-274b0bc66e80,386bdbf9-9eea-4869-bb9a-274b0bc66e802015,16
114,2015,04aa1c9d-66da-489d-b16a-1dee3f2eec4d,04aa1c9d-66da-489d-b16a-1dee3f2eec4d2015,16
115,2015,22052ff7-c065-42ee-bc8f-c4691c50e624,22052ff7-c065-42ee-bc8f-c4691c50e6242015,16
116,2015,7b112545-38e6-483c-a55c-96cf6ee49cb8,7b112545-38e6-483c-a55c-96cf6ee49cb82015,16
117,2015,c5a59daa-53a7-4de0-851f-fb12be893e9e,c5a59daa-53a7-4de0-851f-fb12be893e9e2015,16
118,2015,a20471b4-a8d9-40c7-95ad-90cc30e46932,a20471b4-a8d9-40c7-95ad-90cc30e469322015,16
119,2015,33405046-04ee-4058-a950-d606f8c30852,33405046-04ee-4058-a950-d606f8c308522015,16
120,2015,4254d319-1bc7-4f81-b4ab-b5e6f3402b69,4254d319-1bc7-4f81-b4ab-b5e6f3402b692015,16
121,2015,e6aa13a4-0055-48a9-bc41-be28dc106929,e6aa13a4-0055-48a9-bc41-be28dc1069292015,16
122,2015,f14bf5cc-9a82-4a38-bc15-d39f75ed5314,f14bf5cc-9a82-4a38-bc15-d39f75ed53142015,16
123,2015,0d855753-ea21-4953-89f9-0e20aff9eb73,0d855753-ea21-4953-89f9-0e20aff9eb732015,16
124,2015,f0e724b0-4cbf-495a-be47-013907608da9,f0e724b0-4cbf-495a-be47-013907608da92015,16
125,2015,de760528-1dc0-416a-a978-b510d20692ff,de760528-1dc0-416a-a978-b510d20692ff2015,16
126,2015,2eff2a03-54d4-46ba-890e-2bc3925548f3,2eff2a03-54d4-46ba-890e-2bc3925548f32015,16
127,2015,3d08af9e-c767-4f88-a7dc-b920c6d2b4a8,3d08af9e-c767-4f88-a7dc-b920c6d2b4a82015,16
128,2016,768c92aa-75ff-4a43-bcc0-f2798c2e1724,768c92aa-75ff-4a43-bcc0-f2798c2e17242016,16
129,2016,4809ecb0-abd3-451d-9c4a-92a90b83ca06,4809ecb0-abd3-451d-9c4a-92a90b83ca062016,16
130,2016,5fee86ae-74ab-4bdd-8416-42a9dd9964f3,5fee86ae-74ab-4bdd-8416-42a9dd9964f32016,16
131,2016,97354895-8c77-4fd4-a860-32e62ea7382a,97354895-8c77-4fd4-a860-32e62ea7382a2016,16
132,2016,ad4ae08f-d808-42d5-a1e6-e9bc4e34d123,ad4ae08f-d808-42d5-a1e6-e9bc4e34d1232016,16
133,2016,d5a2eb42-8065-4174-ab79-0a6fa820e35e,d5a2eb42-8065-4174-ab79-0a6fa820e35e2016,16
134,2016,ebd87119-b331-4469-9ea6-d51fe3ce2f1c,ebd87119-b331-4469-9ea6-d51fe3ce2f1c2016,16
135,2016,cb2f9f1f-ac67-424e-9e72-1475cb0ed398,cb2f9f1f-ac67-424e-9e72-1475cb0ed3982016,16
136,2016,82cf9565-6eb9-4f01-bdbd-5aa0d472fcd9,82cf9565-6eb9-4f01-bdbd-5aa0d472fcd92016,16
137,2016,f7ddd7fa-0bae-4f90-bc8e-669e4d6cf2de,f7ddd7fa-0bae-4f90-bc8e-669e4d6cf2de2016,16
138,2016,82d2d380-3834-4938-835f-aec541e5ece7,82d2d380-3834-4938-835f-aec541e5ece72016,16
139,2016,d26a1ca5-722d-4274-8f97-c92e49c96315,d26a1ca5-722d-4274-8f97-c92e49c963152016,16
140,2016,ce92bd47-93d5-4fe9-ada4-0fc681e6caa0,ce92bd47-93d5-4fe9-ada4-0fc681e6caa02016,16
141,2016,1f6dcffb-9823-43cd-9ff4-e7a8466749b5,1f6dcffb-9823-43cd-9ff4-e7a8466749b52016,16
142,2016,6680d28d-d4d2-49f6-aace-5292d3ec02c2,6680d28d-d4d2-49f6-aace-5292d3ec02c22016,16
143,2016,1c1cec48-6352-4556-b789-35304c1a6ae1,1c1cec48-6352-4556-b789-35304c1a6ae12016,16
144,2016,e627eec7-bbae-4fa4-8e73-8e1d6bc5c060,e627eec7-bbae-4fa4-8e73-8e1d6bc5c0602016,16
145,2016,386bdbf9-9eea-4869-bb9a-274b0bc66e80,386bdbf9-9eea-4869-bb9a-274b0bc66e802016,16
146,2016,04aa1c9d-66da-489d-b16a-1dee3f2eec4d,04aa1c9d-66da-489d-b16a-1dee3f2eec4d2016,16
147,2016,22052ff7-c065-42ee-bc8f-c4691c50e624,22052ff7-c065-42ee-bc8f-c4691c50e6242016,16
148,2016,7b112545-38e6-483c-a55c-96cf6ee49cb8,7b112545-38e6-483c-a55c-96cf6ee49cb82016,16
149,2016,c5a59daa-53a7-4de0-851f-fb12be893e9e,c5a59daa-53a7-4de0-851f-fb12be893e9e2016,16
150,2016,a20471b4-a8d9-40c7-95ad-90cc30e46932,a20471b4-a8d9-40c7-95ad-90cc30e469322016,16
151,2016,33405046-04ee-4058-a950-d606f8c30852,33405046-04ee-4058-a950-d606f8c308522016,16
152,2016,4254d319-1bc7-4f81-b4ab-b5e6f3402b69,4254d319-1bc7-4f81-b4ab-b5e6f3402b692016,16
153,2016,e6aa13a4-0055-48a9-bc41-be28dc106929,e6aa13a4-0055-48a9-bc41-be28dc1069292016,16
154,2016,f14bf5cc-9a82-4a38-bc15-d39f75ed5314,f14bf5cc-9a82-4a38-bc15-d39f75ed53142016,16
155,2016,0d855753-ea21-4953-89f9-0e20aff9eb73,0d855753-ea21-4953-89f9-0e20aff9eb732016,16
156,2016,f0e724b0-4cbf-495a-be47-013907608da9,f0e724b0-4cbf-495a-be47-013907608da92016,16
157,2016,de760528-1dc0-416a-a978-b510d20692ff,de760528-1dc0-416a-a978-b510d20692ff2016,16
158,2016,2eff2a03-54d4-46ba-890e-2bc3925548f3,2eff2a03-54d4-46ba-890e-2bc3925548f32016,16
159,2016,3d08af9e-c767-4f88-a7dc-b920c6d2b4a8,3d08af9e-c767-4f88-a7dc-b920c6d2b4a82016,16
160,2017,768c92aa-75ff-4a43-bcc0-f2798c2e1724,768c92aa-75ff-4a43-bcc0-f2798c2e17242017,16
161,2017,4809ecb0-abd3-451d-9c4a-92a90b83ca06,4809ecb0-abd3-451d-9c4a-92a90b83ca062017,16
162,2017,5fee86ae-74ab-4bdd-8416-42a9dd9964f3,5fee86ae-74ab-4bdd-8416-42a9dd9964f32017,16
163,2017,97354895-8c77-4fd4-a860-32e62ea7382a,97354895-8c77-4fd4-a860-32e62ea7382a2017,16
164,2017,ad4ae08f-d808-42d5-a1e6-e9bc4e34d123,ad4ae08f-d808-42d5-a1e6-e9bc4e34d1232017,16
165,2017,d5a2eb42-8065-4174-ab79-0a6fa820e35e,d5a2eb42-8065-4174-ab79-0a6fa820e35e2017,16
166,2017,ebd87119-b331-4469-9ea6-d51fe3ce2f1c,ebd87119-b331-4469-9ea6-d51fe3ce2f1c2017,16
167,2017,cb2f9f1f-ac67-424e-9e72-1475cb0ed398,cb2f9f1f-ac67-424e-9e72-1475cb0ed3982017,16
168,2017,82cf9565-6eb9-4f01-bdbd-5aa0d472fcd9,82cf9565-6eb9-4f01-bdbd-5aa0d472fcd92017,16
169,2017,f7ddd7fa-0bae-4f90-bc8e-669e4d6cf2de,f7ddd7fa-0bae-4f90-bc8e-669e4d6cf2de2017,16
170,2017,82d2d380-3834-4938-835f-aec541e5ece7,82d2d380-3834-4938-835f-aec541e5ece72017,16
171,2017,d26a1ca5-722d-4274-8f97-c92e49c96315,d26a1ca5-722d-4274-8f97-c92e49c963152017,16
172,2017,ce92bd47-93d5-4fe9-ada4-0fc681e6caa0,ce92bd47-93d5-4fe9-ada4-0fc681e6caa02017,16
173,2017,1f6dcffb-9823-43cd-9ff4-e7a8466749b5,1f6dcffb-9823-43cd-9ff4-e7a8466749b52017,16
174,2017,6680d28d-d4d2-49f6-aace-5292d3ec02c2,6680d28d-d4d2-49f6-aace-5292d3ec02c22017,16
175,2017,1c1cec48-6352-4556-b789-35304c1a6ae1,1c1cec48-6352-4556-b789-35304c1a6ae12017,16
176,2017,e627eec7-bbae-4fa4-8e73-8e1d6bc5c060,e627eec7-bbae-4fa4-8e73-8e1d6bc5c0602017,16
177,2017,386bdbf9-9eea-4869-bb9a-274b0bc66e80,386bdbf9-9eea-4869-bb9a-274b0bc66e802017,16
178,2017,04aa1c9d-66da-489d-b16a-1dee3f2eec4d,04aa1c9d-66da-489d-b16a-1dee3f2eec4d2017,16
179,2017,22052ff7-c065-42ee-bc8f-c4691c50e624,22052ff7-c065-42ee-bc8f-c4691c50e6242017,16
180,2017,7b112545-38e6-483c-a55c-96cf6ee49cb8,7b112545-38e6-483c-a55c-96cf6ee49cb82017,16
181,2017,c5a59daa-53a7-4de0-851f-fb12be893e9e,c5a59daa-53a7-4de0-851f-fb12be893e9e2017,16
182,2017,a20471b4-a8d9-40c7-95ad-90cc30e46932,a20471b4-a8d9-40c7-95ad-90cc30e469322017,16
183,2017,33405046-04ee-4058-a950-d606f8c30852,33405046-04ee-4058-a950-d606f8c308522017,16
184,2017,4254d319-1bc7-4f81-b4ab-b5e6f3402b69,4254d319-1bc7-4f81-b4ab-b5e6f3402b692017,16
185,2017,e6aa13a4-0055-48a9-bc41-be28dc106929,e6aa13a4-0055-48a9-bc41-be28dc1069292017,16
186,2017,f14bf5cc-9a82-4a38-bc15-d39f75ed5314,f14bf5cc-9a82-4a38-bc15-d39f75ed53142017,16
187,2017,0d855753-ea21-4953-89f9-0e20aff9eb73,0d855753-ea21-4953-89f9-0e20aff9eb732017,16
188,2017,f0e724b0-4cbf-495a-be47-013907608da9,f0e724b0-4cbf-495a-be47-013907608da92017,16
189,2017,de760528-1dc0-416a-a978-b510d20692ff,de760528-1dc0-416a-a978-b510d20692ff2017,16
190,2017,2eff2a03-54d4-46ba-890e-2bc3925548f3,2eff2a03-54d4-46ba-890e-2bc3925548f32017,16
191,2017,3d08af9e-c767-4f88-a7dc-b920c6d2b4a8,3d08af9e-c767-4f88-a7dc-b920c6d2b4a82017,16
192,2018,768c92aa-75ff-4a43-bcc0-f2798c2e1724,768c92aa-75ff-4a43-bcc0-f2798c2e17242018,16
193,2018,4809ecb0-abd3-451d-9c4a-92a90b83ca06,4809ecb0-abd3-451d-9c4a-92a90b83ca062018,16
194,2018,5fee86ae-74ab-4bdd-8416-42a9dd9964f3,5fee86ae-74ab-4bdd-8416-42a9dd9964f32018,16
195,2018,97354895-8c77-4fd4-a860-32e62ea7382a,97354895-8c77-4fd4-a860-32e62ea7382a2018,16
196,2018,ad4ae08f-d808-42d5-a1e6-e9bc4e34d123,ad4ae08f-d808-42d5-a1e6-e9bc4e34d1232018,16
197,2018,d5a2eb42-8065-4174-ab79-0a6fa820e35e,d5a2eb42-8065-4174-ab79-0a6fa820e35e2018,16
198,2018,ebd87119-b331-4469-9ea6-d51fe3ce2f1c,ebd87119-b331-4469-9ea6-d51fe3ce2f1c2018,16
199,2018,cb2f9f1f-ac67-424e-9e72-1475cb0ed398,cb2f9f1f-ac67-424e-9e72-1475cb0ed3982018,16
200,2018,82cf9565-6eb9-4f01-bdbd-5aa0d472fcd9,82cf9565-6eb9-4f01-bdbd-5aa0d472fcd92018,16
201,2018,f7ddd7fa-0bae-4f90-bc8e-669e4d6cf2de,f7ddd7fa-0bae-4f90-bc8e-669e4d6cf2de2018,16
202,2018,82d2d380-3834-4938-835f-aec541e5ece7,82d2d380-3834-4938-835f-aec541e5ece72018,16
203,2018,d26a1ca5-722d-4274-8f97-c92e49c96315,d26a1ca5-722d-4274-8f97-c92e49c963152018,16
204,2018,ce92bd47-93d5-4fe9-ada4-0fc681e6caa0,ce92bd47-93d5-4fe9-ada4-0fc681e6caa02018,16
205,2018,1f6dcffb-9823-43cd-9ff4-e7a8466749b5,1f6dcffb-9823-43cd-9ff4-e7a8466749b52018,16
206,2018,6680d28d-d4d2-49f6-aace-5292d3ec02c2,6680d28d-d4d2-49f6-aace-5292d3ec02c22018,16
207,2018,1c1cec48-6352-4556-b789-35304c1a6ae1,1c1cec48-6352-4556-b789-35304c1a6ae12018,16
208,2018,e627eec7-bbae-4fa4-8e73-8e1d6bc5c060,e627eec7-bbae-4fa4-8e73-8e1d6bc5c0602018,16
209,2018,386bdbf9-9eea-4869-bb9a-274b0bc66e80,386bdbf9-9eea-4869-bb9a-274b0bc66e802018,16
210,2018,04aa1c9d-66da-489d-b16a-1dee3f2eec4d,04aa1c9d-66da-489d-b16a-1dee3f2eec4d2018,16
211,2018,22052ff7-c065-42ee-bc8f-c4691c50e624,22052ff7-c065-42ee-bc8f-c4691c50e6242018,16
212,2018,7b112545-38e6-483c-a55c-96cf6ee49cb8,7b112545-38e6-483c-a55c-96cf6ee49cb82018,16
213,2018,c5a59daa-53a7-4de0-851f-fb12be893e9e,c5a59daa-53a7-4de0-851f-fb12be893e9e2018,16
214,2018,a20471b4-a8d9-40c7-95ad-90cc30e46932,a20471b4-a8d9-40c7-95ad-90cc30e469322018,16
215,2018,33405046-04ee-4058-a950-d606f8c30852,33405046-04ee-4058-a950-d606f8c308522018,16
216,2018,4254d319-1bc7-4f81-b4ab-b5e6f3402b69,4254d319-1bc7-4f81-b4ab-b5e6f3402b692018,16
217,2018,e6aa13a4-0055-48a9-bc41-be28dc106929,e6aa13a4-0055-48a9-bc41-be28dc1069292018,16
218,2018,f14bf5cc-9a82-4a38-bc15-d39f75ed5314,f14bf5cc-9a82-4a38-bc15-d39f75ed53142018,16
219,2018,0d855753-ea21-4953-89f9-0e20aff9eb73,0d855753-ea21-4953-89f9-0e20aff9eb732018,16
220,2018,f0e724b0-4cbf-495a-be47-013907608da9,f0e724b0-4cbf-495a-be47-013907608da92018,16
221,2018,de760528-1dc0-416a-a978-b510d20692ff,de760528-1dc0-416a-a978-b510d20692ff2018,16
222,2018,2eff2a03-54d4-46ba-890e-2bc3925548f3,2eff2a03-54d4-46ba-890e-2bc3925548f32018,16
223,2018,3d08af9e-c767-4f88-a7dc-b920c6d2b4a8,3d08af9e-c767-4f88-a7dc-b920c6d2b4a82018,16
