,Season,Team ID,TKey,SOS,SOS Wins,SOS Totals,SOV,SOV Wins,SOV Totals
0,2014,97354895-8c77-4fd4-a860-32e62ea7382a,97354895-8c77-4fd4-a860-32e62ea7382a2014,0.513672,132,256,0.487,94,192
1,2014,768c92aa-75ff-4a43-bcc0-f2798c2e1724,768c92aa-75ff-4a43-bcc0-f2798c2e17242014,0.515625,132,256,0.486,70,144
2,2014,4809ecb0-abd3-451d-9c4a-92a90b83ca06,4809ecb0-abd3-451d-9c4a-92a90b83ca062014,0.511719,131,256,0.406,52,128
3,2014,5fee86ae-74ab-4bdd-8416-42a9dd9964f3,5fee86ae-74ab-4bdd-8416-42a9dd9964f32014,0.542969,139,256,0.375,24,64
4,2014,cb2f9f1f-ac67-424e-9e72-1475cb0ed398,cb2f9f1f-ac67-424e-9e72-1475cb0ed3982014,0.451172,116,256,0.486,86,176
5,2014,ad4ae08f-d808-42d5-a1e6-e9bc4e34d123,ad4ae08f-d808-42d5-a1e6-e9bc4e34d1232014,0.498047,128,256,0.425,68,160
6,2014,ebd87119-b331-4469-9ea6-d51fe3ce2f1c,ebd87119-b331-4469-9ea6-d51fe3ce2f1c2014,0.474609,122,256,0.378,61,160
7,2014,d5a2eb42-8065-4174-ab79-0a6fa820e35e,d5a2eb42-8065-4174-ab79-0a6fa820e35e2014,0.478516,123,256,0.371,42,112
8,2014,82cf9565-6eb9-4f01-bdbd-5aa0d472fcd9,82cf9565-6eb9-4f01-bdbd-5aa0d472fcd92014,0.478516,123,256,0.372,66,176
9,2014,82d2d380-3834-4938-835f-aec541e5ece7,82d2d380-3834-4938-835f-aec541e5ece72014,0.447266,115,256,0.299,43,144
10,2014,f7ddd7fa-0bae-4f90-bc8e-669e4d6cf2de,f7ddd7fa-0bae-4f90-bc8e-669e4d6cf2de2014,0.513672,132,256,0.313,15,48
11,2014,d26a1ca5-722d-4274-8f97-c92e49c96315,d26a1ca5-722d-4274-8f97-c92e49c963152014,0.505859,130,256,0.375,12,32
12,2014,ce92bd47-93d5-4fe9-ada4-0fc681e6caa0,ce92bd47-93d5-4fe9-ada4-0fc681e6caa02014,0.521484,134,256,0.484,93,192
13,2014,6680d28d-d4d2-49f6-aace-5292d3ec02c2,6680d28d-d4d2-49f6-aace-5292d3ec02c22014,0.511719,131,256,0.5,72,144
14,2014,9dbb9060-ba0f-4920-829e-16d4d9246b5d,9dbb9060-ba0f-4920-829e-16d4d9246b5d2014,0.511719,131,256,0.403,58,144
15,2014,1c1cec48-6352-4556-b789-35304c1a6ae1,1c1cec48-6352-4556-b789-35304c1a6ae12014,0.570313,146,256,0.542,26,48
16,2014,e627eec7-bbae-4fa4-8e73-8e1d6bc5c060,e627eec7-bbae-4fa4-8e73-8e1d6bc5c0602014,0.445313,114,256,0.422,81,192
17,2014,386bdbf9-9eea-4869-bb9a-274b0bc66e80,386bdbf9-9eea-4869-bb9a-274b0bc66e802014,0.490234,126,256,0.416,67,160
18,2014,04aa1c9d-66da-489d-b16a-1dee3f2eec4d,04aa1c9d-66da-489d-b16a-1dee3f2eec4d2014,0.511719,131,256,0.323,31,96
19,2014,22052ff7-c065-42ee-bc8f-c4691c50e624,22052ff7-c065-42ee-bc8f-c4691c50e6242014,0.496094,127,256,0.422,27,64
20,2014,a20471b4-a8d9-40c7-95ad-90cc30e46932,a20471b4-a8d9-40c7-95ad-90cc30e469322014,0.482422,124,256,0.44,85,192
21,2014,c5a59daa-53a7-4de0-851f-fb12be893e9e,c5a59daa-53a7-4de0-851f-fb12be893e9e2014,0.470703,121,256,0.392,69,176
22,2014,33405046-04ee-4058-a950-d606f8c30852,33405046-04ee-4058-a950-d606f8c308522014,0.474609,122,256,0.308,35,112
23,2014,7b112545-38e6-483c-a55c-96cf6ee49cb8,7b112545-38e6-483c-a55c-96cf6ee49cb82014,0.529297,136,256,0.338,27,80
24,2014,f14bf5cc-9a82-4a38-bc15-d39f75ed5314,f14bf5cc-9a82-4a38-bc15-d39f75ed53142014,0.490234,126,256,0.357,40,112
25,2014,0d855753-ea21-4953-89f9-0e20aff9eb73,0d855753-ea21-4953-89f9-0e20aff9eb732014,0.486328,125,256,0.415,47,112
26,2014,e6aa13a4-0055-48a9-bc41-be28dc106929,e6aa13a4-0055-48a9-bc41-be28dc1069292014,0.482422,124,256,0.38,37,96
27,2014,4254d319-1bc7-4f81-b4ab-b5e6f3402b69,4254d319-1bc7-4f81-b4ab-b5e6f3402b692014,0.486328,125,256,0.469,15,32
28,2014,3d08af9e-c767-4f88-a7dc-b920c6d2b4a8,3d08af9e-c767-4f88-a7dc-b920c6d2b4a82014,0.525391,135,256,0.513,99,192
29,2014,de760528-1dc0-416a-a978-b510d20692ff,de760528-1dc0-416a-a978-b510d20692ff2014,0.523438,134,256,0.477,84,176
30,2014,f0e724b0-4cbf-495a-be47-013907608da9,f0e724b0-4cbf-495a-be47-013907608da92014,0.527344,135,256,0.508,65,128
31,2014,39f349de-6463-4803-ad70-f1e0f144f5ed,39f349de-6463-4803-ad70-f1e0f144f5ed2014,0.53125,136,256,0.427,41,96
32,2015,97354895-8c77-4fd4-a860-32e62ea7382a,97354895-8c77-4fd4-a860-32e62ea7382a2015,0.472656,121,256,0.448,86,192
33,2015,4809ecb0-abd3-451d-9c4a-92a90b83ca06,4809ecb0-abd3-451d-9c4a-92a90b83ca062015,0.46875,120,256,0.469,45,96
34,2015,5fee86ae-74ab-4bdd-8416-42a9dd9964f3,5fee86ae-74ab-4bdd-8416-42a9dd9964f32015,0.441406,113,256,0.388,62,160
35,2015,768c92aa-75ff-4a43-bcc0-f2798c2e1724,768c92aa-75ff-4a43-bcc0-f2798c2e17242015,0.507813,130,256,0.438,56,128
36,2015,cb2f9f1f-ac67-424e-9e72-1475cb0ed398,cb2f9f1f-ac67-424e-9e72-1475cb0ed3982015,0.503906,129,256,0.463,74,160
37,2015,d5a2eb42-8065-4174-ab79-0a6fa820e35e,d5a2eb42-8065-4174-ab79-0a6fa820e35e2015,0.53125,136,256,0.271,13,48
38,2015,ad4ae08f-d808-42d5-a1e6-e9bc4e34d123,ad4ae08f-d808-42d5-a1e6-e9bc4e34d1232015,0.476563,122,256,0.406,78,192
39,2015,ebd87119-b331-4469-9ea6-d51fe3ce2f1c,ebd87119-b331-4469-9ea6-d51fe3ce2f1c2015,0.507813,130,256,0.425,34,80
40,2015,82d2d380-3834-4938-835f-aec541e5ece7,82d2d380-3834-4938-835f-aec541e5ece72015,0.496094,127,256,0.41,59,144
41,2015,d26a1ca5-722d-4274-8f97-c92e49c96315,d26a1ca5-722d-4274-8f97-c92e49c963152015,0.492188,126,256,0.375,18,48
42,2015,f7ddd7fa-0bae-4f90-bc8e-669e4d6cf2de,f7ddd7fa-0bae-4f90-bc8e-669e4d6cf2de2015,0.472656,121,256,0.375,30,80
43,2015,82cf9565-6eb9-4f01-bdbd-5aa0d472fcd9,82cf9565-6eb9-4f01-bdbd-5aa0d472fcd92015,0.5,128,256,0.406,52,128
44,2015,9dbb9060-ba0f-4920-829e-16d4d9246b5d,9dbb9060-ba0f-4920-829e-16d4d9246b5d2015,0.527344,135,256,0.328,21,64
45,2015,1c1cec48-6352-4556-b789-35304c1a6ae1,1c1cec48-6352-4556-b789-35304c1a6ae12015,0.511719,131,256,0.366,41,112
46,2015,ce92bd47-93d5-4fe9-ada4-0fc681e6caa0,ce92bd47-93d5-4fe9-ada4-0fc681e6caa02015,0.5,128,256,0.479,92,192
47,2015,6680d28d-d4d2-49f6-aace-5292d3ec02c2,6680d28d-d4d2-49f6-aace-5292d3ec02c22015,0.496094,127,256,0.432,76,176
48,2015,22052ff7-c065-42ee-bc8f-c4691c50e624,22052ff7-c065-42ee-bc8f-c4691c50e6242015,0.464844,119,256,0.403,58,144
49,2015,04aa1c9d-66da-489d-b16a-1dee3f2eec4d,04aa1c9d-66da-489d-b16a-1dee3f2eec4d2015,0.5,128,256,0.396,38,96
50,2015,e627eec7-bbae-4fa4-8e73-8e1d6bc5c060,e627eec7-bbae-4fa4-8e73-8e1d6bc5c0602015,0.53125,136,256,0.438,28,64
51,2015,386bdbf9-9eea-4869-bb9a-274b0bc66e80,386bdbf9-9eea-4869-bb9a-274b0bc66e802015,0.507813,130,256,0.473,53,112
52,2015,c5a59daa-53a7-4de0-851f-fb12be893e9e,c5a59daa-53a7-4de0-851f-fb12be893e9e2015,0.535156,137,256,0.429,48,112
53,2015,7b112545-38e6-483c-a55c-96cf6ee49cb8,7b112545-38e6-483c-a55c-96cf6ee49cb82015,0.546875,140,256,0.469,45,96
54,2015,a20471b4-a8d9-40c7-95ad-90cc30e46932,a20471b4-a8d9-40c7-95ad-90cc30e469322015,0.53125,136,256,0.45,72,160
55,2015,33405046-04ee-4058-a950-d606f8c30852,33405046-04ee-4058-a950-d606f8c308522015,0.503906,129,256,0.449,79,176
56,2015,4254d319-1bc7-4f81-b4ab-b5e6f3402b69,4254d319-1bc7-4f81-b4ab-b5e6f3402b692015,0.484375,124,256,0.406,39,96
57,2015,0d855753-ea21-4953-89f9-0e20aff9eb73,0d855753-ea21-4953-89f9-0e20aff9eb732015,0.503906,129,256,0.402,45,112
58,2015,e6aa13a4-0055-48a9-bc41-be28dc106929,e6aa13a4-0055-48a9-bc41-be28dc1069292015,0.480469,123,256,0.453,58,128
59,2015,f14bf5cc-9a82-4a38-bc15-d39f75ed5314,f14bf5cc-9a82-4a38-bc15-d39f75ed53142015,0.441406,113,256,0.438,105,240
60,2015,de760528-1dc0-416a-a978-b510d20692ff,de760528-1dc0-416a-a978-b510d20692ff2015,0.476563,122,256,0.457,95,208
61,2015,3d08af9e-c767-4f88-a7dc-b920c6d2b4a8,3d08af9e-c767-4f88-a7dc-b920c6d2b4a82015,0.519531,133,256,0.431,69,160
62,2015,f0e724b0-4cbf-495a-be47-013907608da9,f0e724b0-4cbf-495a-be47-013907608da92015,0.539063,138,256,0.463,37,80
63,2015,39f349de-6463-4803-ad70-f1e0f144f5ed,39f349de-6463-4803-ad70-f1e0f144f5ed2015,0.527344,135,256,0.482,54,112
64,2016,97354895-8c77-4fd4-a860-32e62ea7382a,97354895-8c77-4fd4-a860-32e62ea7382a2016,0.439453,113,256,0.424,95,224
65,2016,4809ecb0-abd3-451d-9c4a-92a90b83ca06,4809ecb0-abd3-451d-9c4a-92a90b83ca062016,0.455078,117,256,0.341,55,160
66,2016,768c92aa-75ff-4a43-bcc0-f2798c2e1724,768c92aa-75ff-4a43-bcc0-f2798c2e17242016,0.482422,124,256,0.339,38,112
67,2016,5fee86ae-74ab-4bdd-8416-42a9dd9964f3,5fee86ae-74ab-4bdd-8416-42a9dd9964f32016,0.517578,133,256,0.313,25,80
68,2016,cb2f9f1f-ac67-424e-9e72-1475cb0ed398,cb2f9f1f-ac67-424e-9e72-1475cb0ed3982016,0.494141,127,256,0.423,75,176
69,2016,ebd87119-b331-4469-9ea6-d51fe3ce2f1c,ebd87119-b331-4469-9ea6-d51fe3ce2f1c2016,0.498047,128,256,0.363,47,128
70,2016,ad4ae08f-d808-42d5-a1e6-e9bc4e34d123,ad4ae08f-d808-42d5-a1e6-e9bc4e34d1232016,0.521484,134,256,0.333,32,96
71,2016,d5a2eb42-8065-4174-ab79-0a6fa820e35e,d5a2eb42-8065-4174-ab79-0a6fa820e35e2016,0.548828,141,256,0.313,5,16
72,2016,82d2d380-3834-4938-835f-aec541e5ece7,82d2d380-3834-4938-835f-aec541e5ece72016,0.501953,129,256,0.427,62,144
73,2016,d26a1ca5-722d-4274-8f97-c92e49c96315,d26a1ca5-722d-4274-8f97-c92e49c963152016,0.464844,119,256,0.458,66,144
74,2016,82cf9565-6eb9-4f01-bdbd-5aa0d472fcd9,82cf9565-6eb9-4f01-bdbd-5aa0d472fcd92016,0.492188,126,256,0.406,52,128
75,2016,f7ddd7fa-0bae-4f90-bc8e-669e4d6cf2de,f7ddd7fa-0bae-4f90-bc8e-669e4d6cf2de2016,0.527344,135,256,0.417,20,48
76,2016,6680d28d-d4d2-49f6-aace-5292d3ec02c2,6680d28d-d4d2-49f6-aace-5292d3ec02c22016,0.507813,130,256,0.479,92,192
77,2016,1c1cec48-6352-4556-b789-35304c1a6ae1,1c1cec48-6352-4556-b789-35304c1a6ae12016,0.503906,129,256,0.443,85,192
78,2016,ce92bd47-93d5-4fe9-ada4-0fc681e6caa0,ce92bd47-93d5-4fe9-ada4-0fc681e6caa02016,0.548828,141,256,0.455,66,144
79,2016,9dbb9060-ba0f-4920-829e-16d4d9246b5d,9dbb9060-ba0f-4920-829e-16d4d9246b5d2016,0.542969,139,256,0.513,41,80
80,2016,e627eec7-bbae-4fa4-8e73-8e1d6bc5c060,e627eec7-bbae-4fa4-8e73-8e1d6bc5c0602016,0.470703,121,256,0.44,92,208
81,2016,04aa1c9d-66da-489d-b16a-1dee3f2eec4d,04aa1c9d-66da-489d-b16a-1dee3f2eec4d2016,0.486328,125,256,0.455,80,176
82,2016,22052ff7-c065-42ee-bc8f-c4691c50e624,22052ff7-c065-42ee-bc8f-c4691c50e6242016,0.515625,132,256,0.43,55,128
83,2016,386bdbf9-9eea-4869-bb9a-274b0bc66e80,386bdbf9-9eea-4869-bb9a-274b0bc66e802016,0.558594,143,256,0.518,58,112
84,2016,a20471b4-a8d9-40c7-95ad-90cc30e46932,a20471b4-a8d9-40c7-95ad-90cc30e469322016,0.507813,130,256,0.453,73,160
85,2016,c5a59daa-53a7-4de0-851f-fb12be893e9e,c5a59daa-53a7-4de0-851f-fb12be893e9e2016,0.474609,122,256,0.392,57,144
86,2016,33405046-04ee-4058-a950-d606f8c30852,33405046-04ee-4058-a950-d606f8c308522016,0.492188,126,256,0.457,59,128
87,2016,7b112545-38e6-483c-a55c-96cf6ee49cb8,7b112545-38e6-483c-a55c-96cf6ee49cb82016,0.521484,134,256,0.396,19,48
88,2016,e6aa13a4-0055-48a9-bc41-be28dc106929,e6aa13a4-0055-48a9-bc41-be28dc1069292016,0.480469,123,256,0.452,80,176
89,2016,4254d319-1bc7-4f81-b4ab-b5e6f3402b69,4254d319-1bc7-4f81-b4ab-b5e6f3402b692016,0.492188,126,256,0.434,63,144
90,2016,0d855753-ea21-4953-89f9-0e20aff9eb73,0d855753-ea21-4953-89f9-0e20aff9eb732016,0.523438,134,256,0.393,44,112
91,2016,f14bf5cc-9a82-4a38-bc15-d39f75ed5314,f14bf5cc-9a82-4a38-bc15-d39f75ed53142016,0.517578,133,256,0.354,34,96
92,2016,3d08af9e-c767-4f88-a7dc-b920c6d2b4a8,3d08af9e-c767-4f88-a7dc-b920c6d2b4a82016,0.441406,113,256,0.425,68,160
93,2016,de760528-1dc0-416a-a978-b510d20692ff,de760528-1dc0-416a-a978-b510d20692ff2016,0.462891,119,256,0.366,41,112
94,2016,2eff2a03-54d4-46ba-890e-2bc3925548f3,2eff2a03-54d4-46ba-890e-2bc3925548f32016,0.503906,129,256,0.5,32,64
95,2016,f0e724b0-4cbf-495a-be47-013907608da9,f0e724b0-4cbf-495a-be47-013907608da92016,0.503906,129,256,0.25,8,32
96,2017,97354895-8c77-4fd4-a860-32e62ea7382a,97354895-8c77-4fd4-a860-32e62ea7382a2017,0.484375,124,256,0.466,97,208
97,2017,768c92aa-75ff-4a43-bcc0-f2798c2e1724,768c92aa-75ff-4a43-bcc0-f2798c2e17242017,0.492188,126,256,0.396,57,144
98,2017,4809ecb0-abd3-451d-9c4a-92a90b83ca06,4809ecb0-abd3-451d-9c4a-92a90b83ca062017,0.542969,139,256,0.531,51,96
99,2017,5fee86ae-74ab-4bdd-8416-42a9dd9964f3,5fee86ae-74ab-4bdd-8416-42a9dd9964f32017,0.519531,133,256,0.438,35,80
100,2017,cb2f9f1f-ac67-424e-9e72-1475cb0ed398,cb2f9f1f-ac67-424e-9e72-1475cb0ed3982017,0.453125,116,256,0.423,88,208
101,2017,ebd87119-b331-4469-9ea6-d51fe3ce2f1c,ebd87119-b331-4469-9ea6-d51fe3ce2f1c2017,0.441406,113,256,0.299,43,144
102,2017,ad4ae08f-d808-42d5-a1e6-e9bc4e34d123,ad4ae08f-d808-42d5-a1e6-e9bc4e34d1232017,0.464844,119,256,0.321,36,112
103,2017,d5a2eb42-8065-4174-ab79-0a6fa820e35e,d5a2eb42-8065-4174-ab79-0a6fa820e35e2017,0.519531,133,256,0.0,0,0
104,2017,f7ddd7fa-0bae-4f90-bc8e-669e4d6cf2de,f7ddd7fa-0bae-4f90-bc8e-669e4d6cf2de2017,0.433594,111,256,0.394,63,160
105,2017,d26a1ca5-722d-4274-8f97-c92e49c96315,d26a1ca5-722d-4274-8f97-c92e49c963152017,0.433594,111,256,0.396,57,144
106,2017,82cf9565-6eb9-4f01-bdbd-5aa0d472fcd9,82cf9565-6eb9-4f01-bdbd-5aa0d472fcd92017,0.480469,123,256,0.219,14,64
107,2017,82d2d380-3834-4938-835f-aec541e5ece7,82d2d380-3834-4938-835f-aec541e5ece72017,0.515625,132,256,0.375,24,64
108,2017,6680d28d-d4d2-49f6-aace-5292d3ec02c2,6680d28d-d4d2-49f6-aace-5292d3ec02c22017,0.476563,122,256,0.481,77,160
109,2017,1f6dcffb-9823-43cd-9ff4-e7a8466749b5,1f6dcffb-9823-43cd-9ff4-e7a8466749b52017,0.457031,117,256,0.347,50,144
110,2017,1c1cec48-6352-4556-b789-35304c1a6ae1,1c1cec48-6352-4556-b789-35304c1a6ae12017,0.511719,131,256,0.396,38,96
111,2017,ce92bd47-93d5-4fe9-ada4-0fc681e6caa0,ce92bd47-93d5-4fe9-ada4-0fc681e6caa02017,0.492188,126,256,0.413,33,80
112,2017,386bdbf9-9eea-4869-bb9a-274b0bc66e80,386bdbf9-9eea-4869-bb9a-274b0bc66e802017,0.460938,118,256,0.433,90,208
113,2017,e627eec7-bbae-4fa4-8e73-8e1d6bc5c060,e627eec7-bbae-4fa4-8e73-8e1d6bc5c0602017,0.496094,127,256,0.438,63,144
114,2017,22052ff7-c065-42ee-bc8f-c4691c50e624,22052ff7-c065-42ee-bc8f-c4691c50e6242017,0.539063,138,256,0.429,48,112
115,2017,04aa1c9d-66da-489d-b16a-1dee3f2eec4d,04aa1c9d-66da-489d-b16a-1dee3f2eec4d2017,0.53125,136,256,0.458,22,48
116,2017,33405046-04ee-4058-a950-d606f8c30852,33405046-04ee-4058-a950-d606f8c308522017,0.492188,126,256,0.447,93,208
117,2017,c5a59daa-53a7-4de0-851f-fb12be893e9e,c5a59daa-53a7-4de0-851f-fb12be893e9e2017,0.496094,127,256,0.368,53,144
118,2017,a20471b4-a8d9-40c7-95ad-90cc30e46932,a20471b4-a8d9-40c7-95ad-90cc30e469322017,0.539063,138,256,0.357,40,112
119,2017,7b112545-38e6-483c-a55c-96cf6ee49cb8,7b112545-38e6-483c-a55c-96cf6ee49cb82017,0.558594,143,256,0.5,40,80
120,2017,0d855753-ea21-4953-89f9-0e20aff9eb73,0d855753-ea21-4953-89f9-0e20aff9eb732017,0.535156,137,256,0.483,85,176
121,2017,f14bf5cc-9a82-4a38-bc15-d39f75ed5314,f14bf5cc-9a82-4a38-bc15-d39f75ed53142017,0.539063,138,256,0.5,88,176
122,2017,e6aa13a4-0055-48a9-bc41-be28dc106929,e6aa13a4-0055-48a9-bc41-be28dc1069292017,0.542969,139,256,0.475,76,160
123,2017,4254d319-1bc7-4f81-b4ab-b5e6f3402b69,4254d319-1bc7-4f81-b4ab-b5e6f3402b692017,0.554688,142,256,0.375,30,80
124,2017,2eff2a03-54d4-46ba-890e-2bc3925548f3,2eff2a03-54d4-46ba-890e-2bc3925548f32017,0.503906,129,256,0.46,81,176
125,2017,3d08af9e-c767-4f88-a7dc-b920c6d2b4a8,3d08af9e-c767-4f88-a7dc-b920c6d2b4a82017,0.492188,126,256,0.444,64,144
126,2017,de760528-1dc0-416a-a978-b510d20692ff,de760528-1dc0-416a-a978-b510d20692ff2017,0.488281,125,256,0.406,52,128
127,2017,f0e724b0-4cbf-495a-be47-013907608da9,f0e724b0-4cbf-495a-be47-013907608da92017,0.511719,131,256,0.438,42,96
128,2018,97354895-8c77-4fd4-a860-32e62ea7382a,97354895-8c77-4fd4-a860-32e62ea7382a2018,0.482422,124,256,0.494,87,176
129,2018,4809ecb0-abd3-451d-9c4a-92a90b83ca06,4809ecb0-abd3-451d-9c4a-92a90b83ca062018,0.46875,120,256,0.446,50,112
130,2018,768c92aa-75ff-4a43-bcc0-f2798c2e1724,768c92aa-75ff-4a43-bcc0-f2798c2e17242018,0.523438,134,256,0.411,40,96
131,2018,5fee86ae-74ab-4bdd-8416-42a9dd9964f3,5fee86ae-74ab-4bdd-8416-42a9dd9964f32018,0.505859,130,256,0.438,28,64
132,2018,ebd87119-b331-4469-9ea6-d51fe3ce2f1c,ebd87119-b331-4469-9ea6-d51fe3ce2f1c2018,0.496094,127,256,0.45,72,160
133,2018,cb2f9f1f-ac67-424e-9e72-1475cb0ed398,cb2f9f1f-ac67-424e-9e72-1475cb0ed3982018,0.503906,129,256,0.448,65,144
134,2018,d5a2eb42-8065-4174-ab79-0a6fa820e35e,d5a2eb42-8065-4174-ab79-0a6fa820e35e2018,0.515625,132,256,0.411,46,112
135,2018,ad4ae08f-d808-42d5-a1e6-e9bc4e34d123,ad4ae08f-d808-42d5-a1e6-e9bc4e34d1232018,0.535156,137,256,0.448,43,96
136,2018,82d2d380-3834-4938-835f-aec541e5ece7,82d2d380-3834-4938-835f-aec541e5ece72018,0.470703,121,256,0.435,77,176
137,2018,82cf9565-6eb9-4f01-bdbd-5aa0d472fcd9,82cf9565-6eb9-4f01-bdbd-5aa0d472fcd92018,0.464844,119,256,0.456,73,160
138,2018,d26a1ca5-722d-4274-8f97-c92e49c96315,d26a1ca5-722d-4274-8f97-c92e49c963152018,0.519531,133,256,0.465,67,144
139,2018,f7ddd7fa-0bae-4f90-bc8e-669e4d6cf2de,f7ddd7fa-0bae-4f90-bc8e-669e4d6cf2de2018,0.548828,141,256,0.463,37,80
140,2018,6680d28d-d4d2-49f6-aace-5292d3ec02c2,6680d28d-d4d2-49f6-aace-5292d3ec02c22018,0.480469,123,256,0.401,77,192
141,2018,1f6dcffb-9823-43cd-9ff4-e7a8466749b5,1f6dcffb-9823-43cd-9ff4-e7a8466749b52018,0.476563,122,256,0.422,81,192
142,2018,ce92bd47-93d5-4fe9-ada4-0fc681e6caa0,ce92bd47-93d5-4fe9-ada4-0fc681e6caa02018,0.523438,134,256,0.464,45,96
143,2018,1c1cec48-6352-4556-b789-35304c1a6ae1,1c1cec48-6352-4556-b789-35304c1a6ae12018,0.546875,140,256,0.406,26,64
144,2018,e627eec7-bbae-4fa4-8e73-8e1d6bc5c060,e627eec7-bbae-4fa4-8e73-8e1d6bc5c0602018,0.488281,125,256,0.444,71,160
145,2018,386bdbf9-9eea-4869-bb9a-274b0bc66e80,386bdbf9-9eea-4869-bb9a-274b0bc66e802018,0.517578,133,256,0.486,70,144
146,2018,22052ff7-c065-42ee-bc8f-c4691c50e624,22052ff7-c065-42ee-bc8f-c4691c50e6242018,0.486328,125,256,0.371,42,112
147,2018,04aa1c9d-66da-489d-b16a-1dee3f2eec4d,04aa1c9d-66da-489d-b16a-1dee3f2eec4d2018,0.527344,135,256,0.488,39,80
148,2018,7b112545-38e6-483c-a55c-96cf6ee49cb8,7b112545-38e6-483c-a55c-96cf6ee49cb82018,0.429688,110,256,0.419,81,192
149,2018,33405046-04ee-4058-a950-d606f8c30852,33405046-04ee-4058-a950-d606f8c308522018,0.503906,129,256,0.355,46,128
150,2018,a20471b4-a8d9-40c7-95ad-90cc30e46932,a20471b4-a8d9-40c7-95ad-90cc30e469322018,0.488281,125,256,0.417,40,96
151,2018,c5a59daa-53a7-4de0-851f-fb12be893e9e,c5a59daa-53a7-4de0-851f-fb12be893e9e2018,0.503906,129,256,0.427,41,96
152,2018,0d855753-ea21-4953-89f9-0e20aff9eb73,0d855753-ea21-4953-89f9-0e20aff9eb732018,0.482422,124,256,0.488,102,208
153,2018,e6aa13a4-0055-48a9-bc41-be28dc106929,e6aa13a4-0055-48a9-bc41-be28dc1069292018,0.482422,124,256,0.348,39,112
154,2018,f14bf5cc-9a82-4a38-bc15-d39f75ed5314,f14bf5cc-9a82-4a38-bc15-d39f75ed53142018,0.507813,130,256,0.518,58,112
155,2018,4254d319-1bc7-4f81-b4ab-b5e6f3402b69,4254d319-1bc7-4f81-b4ab-b5e6f3402b692018,0.523438,134,256,0.506,41,80
156,2018,2eff2a03-54d4-46ba-890e-2bc3925548f3,2eff2a03-54d4-46ba-890e-2bc3925548f32018,0.480469,123,256,0.428,89,208
157,2018,3d08af9e-c767-4f88-a7dc-b920c6d2b4a8,3d08af9e-c767-4f88-a7dc-b920c6d2b4a82018,0.484375,124,256,0.4,64,160
158,2018,f0e724b0-4cbf-495a-be47-013907608da9,f0e724b0-4cbf-495a-be47-013907608da92018,0.503906,129,256,0.406,26,64
159,2018,de760528-1dc0-416a-a978-b510d20692ff,de760528-1dc0-416a-a978-b510d20692ff2018,0.527344,135,256,0.302,15,48
